eval,J,J_nonqs,J_res,J_iota,J_mr,J_beta,J_surface_reg,weighted_residual_norm,iota,major_radius,target_plasma_beta,achieved_plasma_beta,reference_magnetic_pressure,pressure_jump,boozer_norm,normal_norm,pressure_norm,jump_norm,sheet_current_norm
1.000000000000000000e+00,1.087329160785947824e-02,1.189564666256790458e-04,1.075112019147193149e-02,5.173838326093363070e-08,0.000000000000000000e+00,3.163211378606044486e-06,0.000000000000000000e+00,1.466364224295719221e-01,-3.415824238254256406e-01,1.461433254730567954e+00,2.999999999999999889e-02,3.079538812897930980e-02,8.761316512332909042e+05,2.628394953699872713e+04,2.417618979224058954e-14,1.021610205394982498e-02,4.789356463816896864e-02,1.382175029003804290e-01,2.192111120020689559e+05
2.000000000000000000e+00,1.087329136323465784e-02,1.189564653348727167e-04,1.075111994933221175e-02,5.173748445593358001e-08,5.042062678496666335e-17,3.163211083065784097e-06,4.999999939225290514e-19,1.466364207782787643e-01,-3.415824210312999321e-01,1.461433264772542540e+00,2.999999999999999889e-02,3.079538809182257378e-02,8.761316385705909925e+05,2.628394915711772774e+04,2.205061264962347028e-14,1.021611123188572931e-02,4.789355832386474332e-02,1.382175026580958754e-01,2.192111214141458913e+05
3.000000000000000000e+00,1.087329147434786154e-02,1.189564067261299256e-04,1.075112013572192271e-02,5.171980454063522256e-08,1.040257795647777539e-19,3.163212095269392042e-06,4.999999994736441523e-19,1.466364220493798221e-01,-3.415823660646036819e-01,1.461433254274441262e+00,2.999999999999999889e-02,3.079538821908164858e-02,8.761316460021717940e+05,2.628394938006515440e+04,2.329590790111267323e-14,1.021602267792870791e-02,4.789354526543582874e-02,1.382175150767642191e-01,2.192108883484809485e+05
4.000000000000000000e+00,1.087329161069933506e-02,1.189564488236645310e-04,1.075112023076492222e-02,5.171889852405405867e-08,7.286923040023832210e-20,3.163212212225278885e-06,4.999999999940612382e-19,1.466364226975339358e-01,-3.415823632475533111e-01,1.461433255112325025e+00,2.999999999999999889e-02,3.079538823378590029e-02,8.761316506404756801e+05,2.628394951921426764e+04,2.293420220517766706e-14,1.021603588452057836e-02,4.789354924661169688e-02,1.382175134087515467e-01,2.192108882759527187e+05
5.000000000000000000e+00,1.087329159287809578e-02,1.189565016889658738e-04,1.075112014413976552e-02,5.173601148183827974e-08,1.211029091808584759e-21,3.163211037881491270e-06,4.999999999994821532e-19,1.466364221067860407e-01,-3.415824164521955031e-01,1.461433254779782365e+00,2.999999999999999889e-02,3.079538808614178808e-02,8.761316517496419838e+05,2.628394955248925908e+04,1.987465895601733355e-14,1.021594609650618504e-02,4.789356557044333051e-02,1.382175137621222683e-01,2.192107552569363615e+05
6.000000000000000000e+00,1.087329188028583228e-02,1.189564659222965573e-04,1.075112044944069936e-02,5.175562600033226547e-08,1.184880281196749804e-17,3.163209296824021922e-06,4.999999994736441523e-19,1.466364241888126474e-01,-3.415824774234350047e-01,1.461433259598586609e+00,2.999999999999999889e-02,3.079538786724767344e-02,8.761316519281474175e+05,2.628394955784442209e+04,2.308151064857414231e-14,1.021600612746770449e-02,4.789357602134525910e-02,1.382175079126105599e-01,2.192108303634824697e+05
7.000000000000000000e+00,1.087329192551729322e-02,1.189564991778995135e-04,1.075112041878563060e-02,5.180129109675462660e-08,6.527848265530388438e-17,3.163206262599393237e-06,5.000000001675335038e-19,1.466364239797577074e-01,-3.415826193274988931e-01,1.461433266156720645e+00,2.999999999999999889e-02,3.079538748577022311e-02,8.761316518398148473e+05,2.628394955519444557e+04,1.912165787639546376e-14,1.021592542952232466e-02,4.789356958231604650e-02,1.382175158865675546e-01,2.192107586455183045e+05
8.000000000000000000e+00,1.087329189136725625e-02,1.189565018356700151e-04,1.075112037187136819e-02,5.181138224643662846e-08,2.438376794990884691e-18,3.163206277969919489e-06,4.999999999994821532e-19,1.466364236598217685e-01,-3.415826506772580706e-01,1.461433256938905245e+00,2.999999999999999889e-02,3.079538748770268078e-02,8.761316510721993400e+05,2.628394953216597787e+04,1.980659345935063576e-14,1.021593582585198466e-02,4.789356556038642382e-02,1.382175161723642742e-01,2.192107760946777125e+05
9.000000000000000000e+00,1.087329185233579763e-02,1.189564721594497124e-04,1.075112036206355565e-02,5.181181505938216948e-08,2.819854185663562473e-20,3.163206297732305221e-06,4.999999999994821532e-19,1.466364235929365212e-01,-3.415826520217919438e-01,1.461433254968048656e+00,2.999999999999999889e-02,3.079538749018730440e-02,8.761316510897558182e+05,2.628394953269267353e+04,2.155715003819166934e-14,1.021593812567077840e-02,4.789356302211347088e-02,1.382175168109542607e-01,2.192107834956290317e+05
1.000000000000000000e+01,1.152555313214696611e+02,3.274254164434849401e-01,9.645104081109181493e+01,1.819499414960327499e+01,2.581295164188324165e-01,1.894142791224863454e-02,4.999999999999999237e-03,1.388891938280957916e+01,-6.373672228692642605e+00,2.179944933715443511e+00,2.999999999999999889e-02,9.154905021565910850e-02,5.107476128705802257e+05,1.532242838611740626e+04,1.670701939932157249e-14,4.936289542371634198e+00,1.214259380645077968e+01,4.592661845553106303e+00,6.406435915475409711e+05
1.100000000000000000e+01,2.902399911605092697e+01,1.865394427095206087e-01,2.856372704053590539e+01,1.058273662233037704e-02,2.581295236141359362e-01,2.037253002064498534e-05,5.000000039013231985e-03,7.558270574746038584e+00,-4.867443298846378941e-01,2.179944943729620999e+00,2.999999999999999889e-02,2.798145943708604116e-02,5.107475977425367455e+05,1.532242793227610127e+04,2.579877790723810832e-14,4.386790517036809334e+00,3.762592418271485162e+00,4.870977451669601166e+00,1.191213768476870656e+07
1.200000000000000000e+01,2.899318021312516791e+01,1.894203900011653674e-01,2.853368478593114332e+01,6.922141899803847462e-03,2.581295222497207997e-01,2.337302204322163983e-05,5.000000021292686468e-03,7.554294776606369943e+00,-4.589224804222263865e-01,2.179944941830674665e+00,2.999999999999999889e-02,2.783791665085632444e-02,5.107476001432480989e+05,1.532242800429744238e+04,2.576605567903094475e-14,4.385925104643592753e+00,3.751288751693978352e+00,4.874306437815908666e+00,1.194354178940490261e+07
1.300000000000000000e+01,2.899317984411104732e+01,1.894199391922877229e-01,2.853368435310308726e+01,6.922657174221994933e-03,2.581295211368374587e-01,2.337350506673339869e-05,4.999999999547093295e-03,7.554294719310743034e+00,-4.589268596269949207e-01,2.179944940281801635e+00,2.999999999999999889e-02,2.783789431031998690e-02,5.107476018481064821e+05,1.532242805544319344e+04,2.138582862864715650e-14,4.385925172990242871e+00,3.751289484914752670e+00,4.874305723229176657e+00,1.194354488631444052e+07
1.400000000000000000e+01,2.899318040305947619e+01,1.894201282796934005e-01,2.853368494130019428e+01,6.922438546716824098e-03,2.581295214094063706e-01,2.337352107818754446e-05,5.000000002389259034e-03,7.554294797173352727e+00,-4.589250015794722470e-01,2.179944940661153741e+00,2.999999999999999889e-02,2.783789356977101753e-02,5.107476027549510472e+05,1.532242808264853011e+04,3.968249504567350018e-14,4.385925645014232543e+00,3.751288800495084619e+00,4.874305945905224924e+00,1.194354579276279733e+07
1.500000000000000000e+01,2.899318110606639820e+01,1.894200225952593630e-01,2.853368562430206978e+01,6.922565856656193346e-03,2.581295197781345307e-01,2.337357772516935800e-05,4.999999956552925173e-03,7.554294887585745855e+00,-4.589260835508251479e-01,2.179944938390805387e+00,2.999999999999999889e-02,2.783789094978216319e-02,5.107476063502858160e+05,1.532242819050857361e+04,2.846902597529291055e-14,4.385925331036340857e+00,3.751289139683768870e+00,4.874306107505817387e+00,1.194354611675477028e+07
1.600000000000000000e+01,2.899318069528231945e+01,1.894200568498512205e-01,2.853368522671541641e+01,6.922523594217930808e-03,2.581295145803338964e-01,2.337359316308866233e-05,4.999999949339325664e-03,7.554294834955201488e+00,-4.589257243753571136e-01,2.179944931156684085e+00,2.999999999999999889e-02,2.783789023576097379e-02,5.107476076327100163e+05,1.532242822898129998e+04,2.512753898028316384e-14,4.385925224514403808e+00,3.751289147525416201e+00,4.874306115751980251e+00,1.194354635595899262e+07
1.700000000000000000e+01,2.899318118366146280e+01,1.894201123319338709e-01,2.853368572326470698e+01,6.922458773269557150e-03,2.581295157178246646e-01,2.337361893863099382e-05,4.999999954785639203e-03,7.554294900685928127e+00,-4.589251734799174587e-01,2.179944932739804830e+00,2.999999999999999889e-02,2.783788904361357910e-02,5.107476066059662262e+05,1.532242819817898635e+04,2.895713080387134071e-14,4.385925400984231004e+00,3.751288918793498794e+00,4.874306234867464838e+00,1.194354691549034230e+07
1.800000000000000000e+01,2.899318107689197888e+01,1.894200880582910806e-01,2.853368561158886507e+01,6.922487884809034805e-03,2.581295157880810209e-01,2.337361092362518660e-05,4.999999961010449800e-03,7.554294885902835155e+00,-4.589254208912161848e-01,2.179944932837585281e+00,2.999999999999999889e-02,2.783788941431640865e-02,5.107476056263996288e+05,1.532242816879198836e+04,2.396947477629421318e-14,4.385925221393192075e+00,3.751289190476127189e+00,4.874306164465028068e+00,1.194354666056192107e+07
1.900000000000000000e+01,1.109342184517931429e+01,2.588190194653314583e-02,1.096344327117399509e+01,3.992011116731859766e-02,6.327485070917981957e-02,3.457013884350145839e-04,5.560087938516608194e-04,4.682615352807444786e+00,-6.238208674058591807e-01,1.817171503191932658e+00,2.999999999999999889e-02,3.831506330024028739e-02,6.704823115357210627e+05,2.011446934607162984e+04,1.858355493214638985e-14,3.204382175014341527e+00,2.680159844522249646e+00,2.115553030913860155e+00,1.387575905684746569e+06
2.000000000000000000e+01,1.109314346800464257e+01,2.588424742365317069e-02,1.096342556679516811e+01,3.965904972958399916e-02,6.327485425103168692e-02,3.437409983436030304e-04,5.560088068613758695e-04,4.682611571931878380e+00,-6.228954372825842301e-01,1.817171513148275075e+00,2.999999999999999889e-02,3.829145341111681033e-02,6.704823051964938641e+05,2.011446915589481432e+04,1.712989607909256862e-14,3.205069266551169527e+00,2.679778929325296932e+00,2.114986293133752415e+00,1.385536944710738258e+06
2.100000000000000000e+01,1.109313616550074144e+01,2.588431600399467361e-02,1.096342579487845725e+01,3.965150895860823643e-02,6.327485447321408440e-02,3.436823855160604747e-04,5.560088009521183027e-04,4.682611620640442673e+00,-6.228686610022188264e-01,1.817171513772842140e+00,2.999999999999999889e-02,3.829074647442629736e-02,6.704823091292168247e+05,2.011446927387650430e+04,1.380373963646187582e-14,3.205090812808002898e+00,2.679765703119046272e+00,2.114970507547925926e+00,1.385476306747731753e+06
2.200000000000000000e+01,1.109313585384232148e+01,2.588431640276268181e-02,1.096342560026104174e+01,3.965139389453990054e-02,6.327485366411098044e-02,3.436808261642837568e-04,5.560087937006312400e-04,4.682611579078717945e+00,-6.228682524052100433e-01,1.817171511498408387e+00,2.999999999999999889e-02,3.829072766606506778e-02,6.704823114249933278e+05,2.011446934274979867e+04,1.673164607762370359e-14,3.205091559338134832e+00,2.679765298968735721e+00,2.114969796291316761e+00,1.385474199575488223e+06
2.300000000000000000e+01,1.109313593953920751e+01,2.588431643029432197e-02,1.096342585256848245e+01,3.965122802028348686e-02,6.327485396267308604e-02,3.436797628257344376e-04,5.560087946484059762e-04,4.682611632960496095e+00,-6.228676633781919936e-01,1.817171512337683037e+00,2.999999999999999889e-02,3.829071484041918216e-02,6.704823123421283672e+05,2.011446937026385058e+04,1.597704693959398918e-14,3.205092004795523142e+00,2.679765167248533420e+00,2.114969407422767844e+00,1.385472935860159108e+06
2.400000000000000000e+01,1.109313443084035278e+01,2.588431922424104872e-02,1.096342445399669430e+01,3.965111291008663330e-02,6.327485566789339821e-02,3.436802620750569305e-04,5.560087793633970406e-04,4.682611334287033245e+00,-6.228672546159308432e-01,1.817171517131151992e+00,2.999999999999999889e-02,3.829072086220561277e-02,6.704823163230228238e+05,2.011446948969068399e+04,1.486513206980972502e-14,3.205091615180442055e+00,2.679764547583670886e+00,2.114970121729169428e+00,1.385473873810463119e+06
2.500000000000000000e+01,1.109313615356043314e+01,2.588431882094490225e-02,1.096342620888214903e+01,3.965109018009734670e-02,6.327484903779058423e-02,3.436778624942244472e-04,5.560087769578832100e-04,4.682611709053431603e+00,-6.228671739004933983e-01,1.817171498493564519e+00,2.999999999999999889e-02,3.829069191918532677e-02,6.704823143803237472e+05,2.011446943140971052e+04,1.623547566307318997e-14,3.205092484540877695e+00,2.679764943196274007e+00,2.114969132758243830e+00,1.385471202810929855e+06
2.600000000000000000e+01,1.109313585516565048e+01,2.588431858882027023e-02,1.096342606660641472e+01,3.965093404264820320e-02,6.327485008464761584e-02,3.436770643447998024e-04,5.560087787740612773e-04,4.682611678669589494e+00,-6.228666194472307627e-01,1.817171501436337877e+00,2.999999999999999889e-02,3.829068229212529567e-02,6.704823153682985576e+05,2.011446946104895687e+04,1.464604421966105021e-14,3.205092899306090981e+00,2.679764556233784845e+00,2.114968927238330743e+00,1.385471059120051796e+06
2.700000000000000000e+01,1.109313441415623558e+01,2.588432084991118542e-02,1.096342471912843486e+01,3.965083742639845948e-02,6.327485021381396013e-02,3.436777568278080752e-04,5.560087808498446159e-04,4.682611390907521098e+00,-6.228662763567002214e-01,1.817171501799431654e+00,2.999999999999999889e-02,3.829069064466655847e-02,6.704823144617001526e+05,2.011446943385100531e+04,1.601155152914243813e-14,3.205092689083793189e+00,2.679764072273202569e+00,2.114969221901875862e+00,1.385471336392290425e+06
2.800000000000000000e+01,2.247303796879568605e+00,2.434615504841884225e-03,1.676036018312036635e+00,1.798518678751173899e-05,5.687414677079012382e-01,1.187940042077639333e-05,6.183076758106891902e-05,1.830866471544026375e+00,-3.352632151543927241e-01,2.527961705085176369e+00,2.999999999999999889e-02,3.154138901129963785e-02,8.128649895983038004e+05,2.438594968794911256e+04,2.010977170090558301e-14,1.479827363392350659e+00,8.355076714178328867e-01,6.812561501970214595e-01,5.916440529627216747e+05
2.900000000000000000e+01,2.247303782371851355e+00,2.434615402763972130e-03,1.676035999851427816e+00,1.798378541118687685e-05,5.687414731665523249e-01,1.187939377653354902e-05,6.183077191946603291e-05,1.830866461461036154e+00,-3.352634488178306005e-01,2.527961710203324941e+00,2.999999999999999889e-02,3.154138858024402997e-02,8.128649784655967960e+05,2.438594935396790243e+04,2.350453189032254373e-14,1.479827430822351575e+00,8.355078251402645595e-01,6.812557880986838121e-01,5.916435442684805021e+05
3.000000000000000000e+01,2.247303935573299327e+00,2.434615694549318449e-03,1.676036064244949220e+00,1.798460954311914380e-05,5.687415608592791827e-01,1.187939502938572080e-05,6.183076994888452515e-05,1.830866496632099771e+00,-3.352633114021754679e-01,2.527961792425907017e+00,2.999999999999999889e-02,3.154138866152477599e-02,8.128649846566999331e+05,2.438594953970099596e+04,2.068431083971032090e-14,1.479827446405171942e+00,8.355077541414875908e-01,6.812559358459159276e-01,5.916437394207158359e+05
3.100000000000000000e+01,2.247303828780513157e+00,2.434615801977266496e-03,1.676035997719996118e+00,1.798455476246376637e-05,5.687415205396302298e-01,1.187939661631870518e-05,6.183076753070484142e-05,1.830866460296870502e+00,-3.352633205361973956e-01,2.527961754621339985e+00,2.999999999999999889e-02,3.154138876447953183e-02,8.128649883059927961e+05,2.438594964917978359e+04,1.988047233370793158e-14,1.479827429323789856e+00,8.355077463905125068e-01,6.812558848056896599e-01,5.916437190363984555e+05
3.200000000000000000e+01,2.247303924388440954e+00,2.434615409348920862e-03,1.676036080183047172e+00,1.798450493348360788e-05,5.687415341294017601e-01,1.187939386274349344e-05,6.183076784676273092e-05,1.830866505337320982e+00,-3.352633288445985293e-01,2.527961767363401169e+00,2.999999999999999889e-02,3.154138858583703520e-02,8.128649891005968675e+05,2.438594967301790530e+04,1.991806322392130793e-14,1.479827475112820645e+00,8.355077481786583604e-01,6.812559041951390393e-01,5.916437328500625445e+05
3.300000000000000000e+01,2.247305224853068495e+00,2.434615567780534177e-03,1.676035841374303281e+00,1.798675946292474230e-05,5.687430709677256946e-01,1.187942104593253767e-05,6.183076274961539021e-05,1.830866374902495819e+00,-3.352629529396357611e-01,2.527963208334990330e+00,2.999999999999999889e-02,3.154139034938801406e-02,8.128649902311324840e+05,2.438594970693397408e+04,1.998665490343718507e-14,1.479827297763619542e+00,8.355075998164770423e-01,6.812561208467339258e-01,5.916439558715369785e+05
3.400000000000000000e+01,2.247303862876282476e+00,2.434615272137366677e-03,1.676035888479918246e+00,1.798449414676655812e-05,5.687416644911957864e-01,1.187937693743421346e-05,6.183076194743997969e-05,1.830866400631088187e+00,-3.352633306431592741e-01,2.527961889593407285e+00,2.999999999999999889e-02,3.154138748778068102e-02,8.128649891622809228e+05,2.438594967486842506e+04,2.236074683041723337e-14,1.479827378681756622e+00,8.355077800968124802e-01,6.812557931213597540e-01,5.916432982493848540e+05
3.500000000000000000e+01,2.247303657208087557e+00,2.434614812058281171e-03,1.676035886205992087e+00,1.798312238632453509e-05,5.687414629194623705e-01,1.187938563572769089e-05,6.183076255308745631e-05,1.830866399389093679e+00,-3.352635593727986141e-01,2.527961700595433125e+00,2.999999999999999889e-02,3.154138805209640017e-02,8.128649892511664657e+05,2.438594967753499441e+04,2.441466952796673041e-14,1.479827350758078586e+00,8.355078352445532985e-01,6.812557828050129771e-01,5.916434276814555051e+05
3.600000000000000000e+01,2.247303545578614781e+00,2.434615144425284448e-03,1.676035777844264274e+00,1.798276542265265005e-05,5.687414597413872341e-01,1.187931986991791594e-05,6.183076324530644352e-05,1.830866340203054943e+00,-3.352636188949510432e-01,2.527961697615601633e+00,2.999999999999999889e-02,3.154138378542904741e-02,8.128649890426718630e+05,2.438594967128015560e+04,1.974518071880149090e-14,1.479827456844605038e+00,8.355078087883758275e-01,6.812554257479377373e-01,5.916433569918686990e+05
3.700000000000000000e+01,1.087178191216687205e-02,1.188040672668704283e-04,1.074973926053135985e-02,7.585651029999286307e-08,1.423008506149932777e-10,3.162580250683241492e-06,5.306806272841139737e-12,1.466270047469521165e-01,-3.416502493340876079e-01,1.461416384588267725e+00,2.999999999999999889e-02,3.079530877659978488e-02,8.761104142585169757e+05,2.628331242775550709e+04,2.188704452508970605e-14,1.015869717801144191e-02,4.788840533445470199e-02,1.382135305504896827e-01,2.191699389164957101e+05
3.800000000000000000e+01,1.087178168458710452e-02,1.188040659758374197e-04,1.074973903400626950e-02,7.585738576861352118e-08,1.421314916264216476e-10,3.162579779657856641e-06,5.308077766988397980e-12,1.466270032020450809e-01,-3.416502515817335661e-01,1.461416394630234539e+00,2.999999999999999889e-02,3.079530871737430966e-02,8.761104015966864536e+05,2.628331204790059201e+04,2.093348256039392227e-14,1.015869688443274931e-02,4.788840406740279415e-02,1.382135293721273861e-01,2.191699133969916729e+05
3.900000000000000000e+01,1.087178182565789325e-02,1.188040073549419284e-04,1.074973923359767193e-02,7.585689480591090209e-08,1.423085866264860155e-10,3.162580194386860649e-06,5.307500457493133931e-12,1.466270045632636632e-01,-3.416502503212555664e-01,1.461416384129711643e+00,2.999999999999999889e-02,3.079530876952122839e-02,8.761104090281137032e+05,2.628331227084340935e+04,2.552524727257922340e-14,1.015871277961038870e-02,4.788840964017720275e-02,1.382135277170483956e-01,2.191699557380595070e+05
4.000000000000000000e+01,1.087178195168450080e-02,1.188040494491143551e-04,1.074973931307347634e-02,7.586294563879276395e-08,1.422944417294541655e-10,3.162578615036361899e-06,5.306792017832249172e-12,1.466270051052907253e-01,-3.416502658556371808e-01,1.461416384968167170e+00,2.999999999999999889e-02,3.079530857093789112e-02,8.761104136662115343e+05,2.628331240998634530e+04,2.257424286776847979e-14,1.015894956852458376e-02,4.788841583629150495e-02,1.382135087410110985e-01,2.191706073064954544e+05
4.100000000000000000e+01,1.087178193523178835e-02,1.188041023334982524e-04,1.074973923920695407e-02,7.586793826432456045e-08,1.423000562891542397e-10,3.162578146129067636e-06,5.306884611424264476e-12,1.466270046015191175e-01,-3.416502786728028984e-01,1.461416384635352506e+00,2.999999999999999889e-02,3.079530851197872371e-02,8.761104147752167191e+05,2.628331244325650187e+04,2.560949371670432892e-14,1.015891934912762327e-02,4.788841814890536230e-02,1.382135096264739682e-01,2.191705144164137891e+05
4.200000000000000000e+01,1.087178216144757577e-02,1.188040665857649064e-04,1.074973950360786842e-02,7.586534700427926288e-08,1.422186101066711568e-10,3.162578382936611493e-06,5.305391330610109593e-12,1.466270064047402455e-01,-3.416502720205221721e-01,1.461416389463887189e+00,2.999999999999999889e-02,3.079530854175428073e-02,8.761104149531086441e+05,2.628331244859325670e+04,2.340884580385824385e-14,1.015891769483887215e-02,4.788842078524914447e-02,1.382135107476115954e-01,2.191704555121402664e+05
4.300000000000000000e+01,1.087178213645909400e-02,1.188040999011790138e-04,1.074973945920567817e-02,7.585170482746577957e-08,1.421080607345608171e-10,3.162578234192752975e-06,5.305156322069153973e-12,1.466270061019161464e-01,-3.416502369964630748e-01,1.461416396020016162e+00,2.999999999999999889e-02,3.079530852305161978e-02,8.761104148643895751e+05,2.628331244593168594e+04,2.211285158997735584e-14,1.015891600755303506e-02,4.788841858590440342e-02,1.382135113124040582e-01,2.191704817374344857e+05
4.400000000000000000e+01,1.087178200011553429e-02,1.188041025692544641e-04,1.074973934485678149e-02,7.582456962313683810e-08,1.422635804630166036e-10,3.162580550959089871e-06,5.305333754992926919e-12,1.466270053220536940e-01,-3.416501673218971802e-01,1.461416386797649958e+00,2.999999999999999889e-02,3.079530881435566664e-02,8.761104140970768640e+05,2.628331242291230592e+04,1.913078091578698840e-14,1.015893626772332477e-02,4.788842795893773208e-02,1.382135057483295515e-01,2.191706061590144236e+05
4.500000000000000000e+01,1.087178191938962223e-02,1.188040729334825189e-04,1.074973928903798052e-02,7.582938001529450232e-08,1.422968368369461500e-10,3.162580435770502121e-06,5.305536550258694331e-12,1.466270049413680165e-01,-3.416501796743618424e-01,1.461416384826191406e+00,2.999999999999999889e-02,3.079530879987216196e-02,8.761104141146461479e+05,2.628331242343938356e+04,1.933952264002285829e-14,1.015893816405909200e-02,4.788842574914212169e-02,1.382135059707396418e-01,2.191705970913940982e+05
4.600000000000000000e+01,1.086864850028119653e-02,1.184615414492432592e-04,1.074683551167556796e-02,1.895285512458687450e-07,1.498450330743228142e-09,3.160349874299476035e-06,7.028050897070243079e-11,1.466071997664205318e-01,-3.418764219119106995e-01,1.461378510775088957e+00,2.999999999999999889e-02,3.079502828557221378e-02,8.760363269370659254e+05,2.628108980811197762e+04,2.331963934320554313e-14,1.010459463128657483e-02,4.786423306729035293e-02,1.382048602024133765e-01,2.192742670594660449e+05
4.700000000000000000e+01,1.086864829400494177e-02,1.184615401884576887e-04,1.074683533059378644e-02,1.895049822797907480e-07,1.497900644848044488e-09,3.160350053347652636e-06,7.028642420001200150e-11,1.466071985312712156e-01,-3.418763836292852409e-01,1.461378520817043558e+00,2.999999999999999889e-02,3.079502830809319538e-02,8.760363142781675560e+05,2.628108942834502523e+04,2.078004912686995756e-14,1.010467179074658883e-02,4.786421967364574981e-02,1.382048578893732005e-01,2.192742708687635022e+05
4.800000000000000000e+01,1.086864846215699308e-02,1.184614816281795885e-04,1.074683554714032582e-02,1.895143332456476039e-07,1.498475817923500768e-09,3.160350296392456161e-06,7.028303159107682204e-11,1.466072000083237792e-01,-3.418763988181669489e-01,1.461378510309520262e+00,2.999999999999999889e-02,3.079502833866377964e-02,8.760363217087686062e+05,2.628108965126305702e+04,1.972236285986379285e-14,1.010464720107140738e-02,4.786422695644131781e-02,1.382048587318289723e-01,2.192742609014582122e+05
4.900000000000000000e+01,1.086864846937006870e-02,1.184615236477082058e-04,1.074683551526640912e-02,1.895113121576341307e-07,1.498429677416826602e-09,3.160350434365042228e-06,7.027975021285352704e-11,1.466071997909134672e-01,-3.418763939110198158e-01,1.461378511152361614e+00,2.999999999999999889e-02,3.079502835601820310e-02,8.760363263454778353e+05,2.628108979036433448e+04,1.994235693613381464e-14,1.010465365976365854e-02,4.786423087203651311e-02,1.382048566729021655e-01,2.192742605953339662e+05
5.000000000000000000e+01,1.086864845678181014e-02,1.184615764937758291e-04,1.074683543423941325e-02,1.895275404888709157e-07,1.498447817987279048e-09,3.160349780135708438e-06,7.028017873450195375e-11,1.466071992382325939e-01,-3.418764202702060939e-01,1.461378510820989129e+00,2.999999999999999889e-02,3.079502827372813598e-02,8.760363274534938391e+05,2.628108982360481241e+04,2.153671708033825090e-14,1.010462729463902642e-02,4.786423359592126281e-02,1.382048570709088764e-01,2.192742120348304161e+05
5.100000000000000000e+01,1.086864867867615679e-02,1.184615407928533455e-04,1.074683570137204697e-02,1.895177490585849340e-07,1.498182193389143354e-09,3.160350306004913848e-06,7.027400050550716085e-11,1.466072010603302334e-01,-3.418764043664178631e-01,1.461378515673334766e+00,2.999999999999999889e-02,3.079502833987285068e-02,8.760363276306912303e+05,2.628108982892073618e+04,2.604563162112569274e-14,1.010467064150393814e-02,4.786421238033554404e-02,1.382048631820927131e-01,2.192742389639076719e+05
5.200000000000000000e+01,1.086864862838960236e-02,1.184615739514080236e-04,1.074683563095579601e-02,1.895056603831764109e-07,1.497823600095262269e-09,3.160349724252849080e-06,7.027416289429165484e-11,1.466072005800246880e-01,-3.418763847307489945e-01,1.461378522224685339e+00,2.999999999999999889e-02,3.079502826669909543e-02,8.760363275409550406e+05,2.628108982622865005e+04,2.211485469583297791e-14,1.010461396501481299e-02,4.786421950838769951e-02,1.382048643477590821e-01,2.192742096981964714e+05
5.300000000000000000e+01,1.086864851211752012e-02,1.184615765524393930e-04,1.074683549370315967e-02,1.895235312159077086e-07,1.498329248024703558e-09,3.160349724508185468e-06,7.027694700590930442e-11,1.466071996438316760e-01,-3.418764137581705720e-01,1.461378512986934330e+00,2.999999999999999889e-02,3.079502826673121210e-02,8.760363267752786633e+05,2.628108980325835728e+04,2.005768151035808712e-14,1.010462017657258807e-02,4.786421638794718242e-02,1.382048639811974677e-01,2.192742292101517669e+05
5.400000000000000000e+01,1.086864846929251789e-02,1.184615470489401942e-04,1.074683547841635660e-02,1.895253861359082317e-07,1.498437317788426031e-09,3.160349725046773062e-06,7.027872250984087514e-11,1.466071995395611949e-01,-3.418764167710208746e-01,1.461378511012795256e+00,2.999999999999999889e-02,3.079502826679895652e-02,8.760363267933414318e+05,2.628108980380024150e+04,1.825316894841041702e-14,1.010462300996427774e-02,4.786421501523076966e-02,1.382048641388390897e-01,2.192742325684977986e+05
5.500000000000000000e+01,1.086868345132814898e-02,1.178344368843091221e-04,1.074702761701333553e-02,6.660176707511292260e-07,3.726276230493173805e-09,3.150814034520649822e-06,8.394490023772761590e-10,1.466085101009715341e-01,-3.424148841320683312e-01,1.461346926563316551e+00,2.999999999999999889e-02,3.079382794540386908e-02,8.757479182607876137e+05,2.627243754782362885e+04,2.420586966495881188e-14,1.075300042898906343e-02,4.783485858787540901e-02,1.381674872018695821e-01,2.195092319379991095e+05
5.600000000000000000e+01,1.086868342068537940e-02,1.178344356162910829e-04,1.074702758732984723e-02,6.660190832920505410e-07,3.725409381862212264e-09,3.150813771814541666e-06,8.394747529950894368e-10,1.466085098985038249e-01,-3.424148853559598749e-01,1.461346936605219193e+00,2.999999999999999889e-02,3.079382791231028565e-02,8.757479056122626644e+05,2.627243716836788008e+04,2.170997053093756467e-14,1.075301254777897252e-02,4.783485487517417922e-02,1.381674873292484396e-01,2.195092543562690553e+05
5.700000000000000000e+01,1.086868362610085743e-02,1.178343772764550555e-04,1.074702784946940035e-02,6.660195301064753965e-07,3.726318097302590725e-09,3.150814051560262967e-06,8.394552355305053431e-10,1.466085116865279425e-01,-3.424148857431005277e-01,1.461346926078345154e+00,2.999999999999999889e-02,3.079382794755038122e-02,8.757479130400100257e+05,2.627243739120029932e+04,2.298218646352768605e-14,1.075301896479719313e-02,4.783486113436071635e-02,1.381674865601091595e-01,2.195092543081983458e+05
5.800000000000000000e+01,1.086868382644216868e-02,1.178344196677853019e-04,1.074702801797646282e-02,6.660087743741533182e-07,3.726244036072959166e-09,3.150814326607426442e-06,8.394529038430937668e-10,1.466085128358954603e-01,-3.424148764238012510e-01,1.461346926936248014e+00,2.999999999999999889e-02,3.079382798219858913e-02,8.757479176726245787e+05,2.627243753017873678e+04,1.977426500805884471e-14,1.075304499778851307e-02,4.783486565649949784e-02,1.381674841880429772e-01,2.195092471252684772e+05
5.900000000000000000e+01,1.086868432053998690e-02,1.178344723196056784e-04,1.074702845724746607e-02,6.660110941442399344e-07,3.726272413430165364e-09,3.150814151847127555e-06,8.394545090829822602e-10,1.466085158321130122e-01,-3.424148784337713303e-01,1.461346926607532293e+00,2.999999999999999889e-02,3.079382796018370616e-02,8.757479187788417330e+05,2.627243756336525257e+04,2.519472531539863660e-14,1.075305468309529708e-02,4.783485931488497267e-02,1.381674888090626829e-01,2.195092471794111480e+05
6.000000000000000000e+01,1.086868345693800704e-02,1.178344362278727233e-04,1.074702763872591865e-02,6.660022792459292035e-07,3.725847827261196268e-09,3.150814431140249507e-06,8.394260023900611754e-10,1.466085102490705949e-01,-3.424148707960639748e-01,1.461346931525955739e+00,2.999999999999999889e-02,3.079382799536678483e-02,8.757479189515204635e+05,2.627243756854561434e+04,2.131438463455228337e-14,1.075300216536257715e-02,4.783485769450223496e-02,1.381674875331757313e-01,2.195091936625238741e+05
6.100000000000000000e+01,1.086868333530728939e-02,1.178344690363656113e-04,1.074702751341214194e-02,6.659740454356849848e-07,3.725283179116913437e-09,3.150814099927877982e-06,8.394302389020375741e-10,1.466085093943195472e-01,-3.424148463324148683e-01,1.461346938067296986e+00,2.999999999999999889e-02,3.079382795364334069e-02,8.757479188582055504e+05,2.627243756574616418e+04,2.262573169640693958e-14,1.075299243017903590e-02,4.783485966622803148e-02,1.381674867012245567e-01,2.195092002596438979e+05
6.200000000000000000e+01,1.086868324748072219e-02,1.178344715816352975e-04,1.074702736997262299e-02,6.660265205616688358e-07,3.726083968803984230e-09,3.150813879696228919e-06,8.394422356734307711e-10,1.466085084159348684e-01,-3.424148917999368380e-01,1.461346928790447919e+00,2.999999999999999889e-02,3.079382792590034529e-02,8.757479180967499269e+05,2.627243754290249854e+04,2.282978347269116283e-14,1.075297471427692775e-02,4.783486026905486160e-02,1.381674868331162764e-01,2.195091867590266047e+05
6.300000000000000000e+01,1.086868327829172698e-02,1.178344423189572421e-04,1.074702743189962992e-02,6.660244085405279143e-07,3.726254786456757026e-09,3.150813962943423186e-06,8.394468713519552081e-10,1.466085088383319579e-01,-3.424148899699926418e-01,1.461346926811718294e+00,2.999999999999999889e-02,3.079382793638715116e-02,8.757479181160676526e+05,2.627243754348202856e+04,2.468633385002020336e-14,1.075298426529323545e-02,4.783485613954473886e-02,1.381674879676788315e-01,2.195091960461955750e+05
6.400000000000000000e+01,1.086646722825159589e-02,1.181506358659299363e-04,1.074476990134792635e-02,3.882550947821687011e-07,2.456409394895484585e-09,3.155642158073080043e-06,3.373754890633423403e-10,1.465931096699154279e-01,-3.421419439331674361e-01,1.461363163227589412e+00,2.999999999999999889e-02,3.079443592039548053e-02,8.758939724807933671e+05,2.627681917442379927e+04,2.325549562076556754e-14,1.029831016386865972e-02,4.784145671005558820e-02,1.381834998482976973e-01,2.193868706225465576e+05
6.500000000000000000e+01,1.086646718137855051e-02,1.181506345440469849e-04,1.074476978836123864e-02,3.883257706532804525e-07,2.455705591507977545e-09,3.155639605827128840e-06,3.373911913678764607e-10,1.465931088991651032e-01,-3.421420241338062884e-01,1.461363173269517146e+00,2.999999999999999889e-02,3.079443559913024042e-02,8.758939598270171555e+05,2.627681879481051510e+04,2.362601159573625218e-14,1.029840081020257092e-02,4.784149291091937400e-02,1.381834797417164085e-01,2.193871871586333436e+05
6.600000000000000000e+01,1.086646736811761396e-02,1.181505760940369890e-04,1.074477002754117318e-02,3.883307834557574777e-07,2.456442697174988660e-09,3.155639876409815854e-06,3.373798425157251157e-10,1.465931105307556603e-01,-3.421420298218914025e-01,1.461363162752465250e+00,2.999999999999999889e-02,3.079443563318997809e-02,8.758939672562096966e+05,2.627681901768628813e+04,1.890985961191969306e-14,1.029839901659401757e-02,4.784150046963509678e-02,1.381834789893179316e-01,2.193871744228321768e+05
6.700000000000000000e+01,1.086646747263722047e-02,1.181506182962962001e-04,1.074477009464791001e-02,3.883258031213153469e-07,2.456383101389808088e-09,3.155640129761223531e-06,3.373770297290503539e-10,1.465931109885311723e-01,-3.421420241706482623e-01,1.461363163602721560e+00,2.999999999999999889e-02,3.079443566508071814e-02,8.758939718908972573e+05,2.627681915672691684e+04,2.168962826255144211e-14,1.029841912605349540e-02,4.784150257092955466e-02,1.381834772487495755e-01,2.193871887459730497e+05
6.800000000000000000e+01,1.086646770515075321e-02,1.181506710525968709e-04,1.074477027022642181e-02,3.883302555683454582e-07,2.456406236000629301e-09,3.155639831892014289e-06,3.373780388609515477e-10,1.465931121862580622e-01,-3.421420292228931626e-01,1.461363163272657584e+00,2.999999999999999889e-02,3.079443562758627656e-02,8.758939729980244301e+05,2.627681918994073203e+04,2.343602967117170376e-14,1.029841167130936437e-02,4.784149819648109841e-02,1.381834805894582296e-01,2.193871713355843094e+05
6.900000000000000000e+01,1.086646739703715434e-02,1.181506351539619490e-04,1.074477000148667954e-02,3.883268900403049296e-07,2.456063862010100717e-09,3.155640081767124635e-06,3.373608434362989610e-10,1.465931103530222490e-01,-3.421420254039909126e-01,1.461363168157502779e+00,2.999999999999999889e-02,3.079443565903943608e-02,8.758939731729886262e+05,2.627681919518965879e+04,2.260260094882892961e-14,1.029838718841418442e-02,4.784149955523740727e-02,1.381834799988663209e-01,2.193871178626072069e+05
7.000000000000000000e+01,1.086646730339548700e-02,1.181506681461566728e-04,1.074476990434732222e-02,3.882979860794820276e-07,2.455605064706060336e-09,3.155639947848126969e-06,3.373630160579632805e-10,1.465931096903761166e-01,-3.421419926056624150e-01,1.461363174703959711e+00,2.999999999999999889e-02,3.079443564218231275e-02,8.758939730814854847e+05,2.627681919244456367e+04,2.397325081637021378e-14,1.029837068921439849e-02,4.784149803954101943e-02,1.381834810502860500e-01,2.193871248063765233e+05
7.100000000000000000e+01,1.086646719560245729e-02,1.181506707217083832e-04,1.074476976417289807e-02,3.883272412095825610e-07,2.456253838455656914e-09,3.155639842456784767e-06,3.373703458327134485e-10,1.465931087341618422e-01,-3.421420258024673866e-01,1.461363165446958323e+00,2.999999999999999889e-02,3.079443562891612252e-02,8.758939723178923596e+05,2.627681916953677137e+04,2.125062285844836350e-14,1.029837086951345369e-02,4.784149842889308391e-02,1.381834798876405979e-01,2.193871061515718466e+05
7.200000000000000000e+01,1.086646718710032947e-02,1.181506413387492098e-04,1.074476978718272996e-02,3.883249088051451450e-07,2.456392364661813537e-09,3.155639904149869167e-06,3.373735325892599880e-10,1.465931088911257840e-01,-3.421420231558535141e-01,1.461363163470561277e+00,2.999999999999999889e-02,3.079443563668177175e-02,8.758939723365757382e+05,2.627681917009727113e+04,2.365727726825670557e-14,1.029837939531981321e-02,4.784149239533605491e-02,1.381834815076770084e-01,2.193871469297694857e+05
